{
   "$schema":"http:\/\/json-schema.org\/draft-04\/schema#",
   "description":"Response schema for the ZCONCBL JSON interface",
   "type":"object",
   "properties":{
      "ZCONCBLOperationResponse":{
         "type":"object",
         "properties":{
            "svc_resp_variables":{
               "type":"object",
               "properties":{
                  "svc_resp_status":{
                     "type":"object",
                     "properties":{
                        "svc_resp_type":{
                           "type":"string",
                           "maxLength":10
                        },
                        "svc_resp_message":{
                           "type":"string",
                           "maxLength":50
                        }
                     },
                     "required":[
                        "svc_resp_type",
                        "svc_resp_message"
                     ]
                  },
                  "svc_resp_data":{
                     "type":"object",
                     "properties":{
                        "svc_resp_empid":{
                           "type":"string",
                           "maxLength":5
                        },
                        "svc_resp_empname":{
                           "type":"string",
                           "maxLength":25
                        },
                        "svc_resp_email":{
                           "type":"string",
                           "maxLength":30
                        },
                        "svc_resp_phone":{
                           "type":"string",
                           "maxLength":20
                        },
                        "svc_resp_remarks":{
                           "type":"string",
                           "maxLength":40
                        }
                     },
                     "required":[
                        "svc_resp_empid",
                        "svc_resp_empname",
                        "svc_resp_email",
                        "svc_resp_phone",
                        "svc_resp_remarks"
                     ]
                  }
               },
               "required":[
                  "svc_resp_status",
                  "svc_resp_data"
               ]
            }
         },
         "required":[
            "svc_resp_variables"
         ]
      }
   },
   "required":[
      "ZCONCBLOperationResponse"
   ]
}