{
   "$schema":"http:\/\/json-schema.org\/draft-04\/schema#",
   "description":"Request schema for the ZCONCBL JSON interface",
   "type":"object",
   "properties":{
      "ZCONCBLOperation":{
         "type":"object",
         "properties":{
            "svc_rqst_variables":{
               "type":"object",
               "properties":{
                  "svc_rqst_type":{
                     "type":"string",
                     "maxLength":1
                  },
                  "svc_rqst_data":{
                     "type":"object",
                     "properties":{
                        "svc_rqst_empid":{
                           "type":"string",
                           "maxLength":5
                        },
                        "svc_rqst_empname":{
                           "type":"string",
                           "maxLength":25
                        },
                        "svc_rqst_email":{
                           "type":"string",
                           "maxLength":30
                        },
                        "svc_rqst_phone":{
                           "type":"string",
                           "maxLength":20
                        },
                        "svc_rqst_remarks":{
                           "type":"string",
                           "maxLength":40
                        }
                     },
                     "required":[
                        "svc_rqst_empid",
                        "svc_rqst_empname",
                        "svc_rqst_email",
                        "svc_rqst_phone",
                        "svc_rqst_remarks"
                     ]
                  },
                  "svc_rqst_filler":{
                     "type":"string",
                     "maxLength":59
                  }
               },
               "required":[
                  "svc_rqst_type",
                  "svc_rqst_data",
                  "svc_rqst_filler"
               ]
            }
         },
         "required":[
            "svc_rqst_variables"
         ]
      }
   },
   "required":[
      "ZCONCBLOperation"
   ]
}